id;start_date;end_date;language
1;2022-07-03T16:49:52;2022-07-03T14:40:07;SPANISH
2;2022-07-03T02:17:27;2022-07-03T11:42:56;ENGLISH
3;2022-07-03T12:13:39;2022-07-03T00:18:47;TURKISH
4;2022-07-03T16:44:28;2022-07-02T22:10:47;FRENCH
5;2022-07-03T19:00:51;2022-07-03T03:19:49;ENGLISH
6;2022-07-03T04:31:34;2022-07-03T18:31:54;TURKISH
7;2022-07-03T12:35:22;2022-07-02T23:09:31;ENGLISH
8;2022-07-03T03:01:15;2022-07-02T23:37:04;FRENCH
9;2022-07-03T03:52:53;2022-07-03T15:24:19;ENGLISH
10;2022-07-02T23:49:51;2022-07-03T16:47:20;FRENCH
